{
	"version": "2.0.0",
	"tasks": [
		{
			"type": "cppbuild",
			"label": "C/C++: clang build active file",
			"command": "/usr/bin/clang",
			"args": [
				"-std=c++11",
				"-lstdc++",
				"-g",
				"fopenmp",
				"lgomp",
				"lpthread",
				"${file}",
				"-o",
				"${fileDirname}/${fileBasenameNoExtension}"
			],
			"options": {
				"cwd": "${workspaceFolder}"
			},
			"problemMatcher": [
				"$gcc"
			],
			"group": {
				"kind": "build",
				"isDefault": true
			},
			"detail": "compiler: /usr/bin/clang"
		}
	]
}